complex_name,confidence,rank1_sdf,min_dist,com_dist,clash_pairs,status
abl1_active_000001,-0.59,/home/deepfold/users/hosung/dataset/DUD-E/dude_raw/abl1/results/actives/abl1_active_000001/rank1_confidence-0.59.sdf,1.3102777004241943,9.080126762390137,0,ok
abl1_active_000002,-0.88,/home/deepfold/users/hosung/dataset/DUD-E/dude_raw/abl1/results/actives/abl1_active_000002/rank1_confidence-0.88.sdf,1.2024444341659546,11.508109092712402,0,ok
abl1_active_000003,-0.58,/home/deepfold/users/hosung/dataset/DUD-E/dude_raw/abl1/results/actives/abl1_active_000003/rank1_confidence-0.58.sdf,2.007711410522461,12.159685134887695,0,ok
abl1_active_000004,-0.73,/home/deepfold/users/hosung/dataset/DUD-E/dude_raw/abl1/results/actives/abl1_active_000004/rank1_confidence-0.73.sdf,1.8267803192138672,12.207086563110352,0,ok
abl1_active_000005,-0.59,/home/deepfold/users/hosung/dataset/DUD-E/dude_raw/abl1/results/actives/abl1_active_000005/rank1_confidence-0.59.sdf,3.098721504211426,14.645261764526367,0,ok
abl1_active_000006,-2.12,/home/deepfold/users/hosung/dataset/DUD-E/dude_raw/abl1/results/actives/abl1_active_000006/rank1_confidence-2.12.sdf,0.6504639387130737,8.599364280700684,1,ok
abl1_active_000007,-0.38,/home/deepfold/users/hosung/dataset/DUD-E/dude_raw/abl1/results/actives/abl1_active_000007/rank1_confidence-0.38.sdf,1.792386770248413,9.644513130187988,0,ok
abl1_active_000008,-0.41,/home/deepfold/users/hosung/dataset/DUD-E/dude_raw/abl1/results/actives/abl1_active_000008/rank1_confidence-0.41.sdf,2.4205455780029297,12.782281875610352,0,ok
abl1_active_000009,-0.4,/home/deepfold/users/hosung/dataset/DUD-E/dude_raw/abl1/results/actives/abl1_active_000009/rank1_confidence-0.40.sdf,2.138460159301758,12.80320930480957,0,ok
abl1_active_000010,-0.83,/home/deepfold/users/hosung/dataset/DUD-E/dude_raw/abl1/results/actives/abl1_active_000010/rank1_confidence-0.83.sdf,1.9225738048553467,10.265227317810059,0,ok
abl1_active_000011,-0.87,/home/deepfold/users/hosung/dataset/DUD-E/dude_raw/abl1/results/actives/abl1_active_000011/rank1_confidence-0.87.sdf,1.5261428356170654,10.662619590759277,0,ok
abl1_active_000012,-1.76,/home/deepfold/users/hosung/dataset/DUD-E/dude_raw/abl1/results/actives/abl1_active_000012/rank1_confidence-1.76.sdf,2.4686553478240967,9.65202808380127,0,ok
abl1_active_000013,-0.05,/home/deepfold/users/hosung/dataset/DUD-E/dude_raw/abl1/results/actives/abl1_active_000013/rank1_confidence-0.05.sdf,2.763679027557373,10.270719528198242,0,ok
abl1_active_000014,-0.17,/home/deepfold/users/hosung/dataset/DUD-E/dude_raw/abl1/results/actives/abl1_active_000014/rank1_confidence-0.17.sdf,2.077688455581665,10.969258308410645,0,ok
abl1_active_000015,-1.66,/home/deepfold/users/hosung/dataset/DUD-E/dude_raw/abl1/results/actives/abl1_active_000015/rank1_confidence-1.66.sdf,1.1854649782180786,11.402812004089355,0,ok
abl1_active_000016,-1.24,/home/deepfold/users/hosung/dataset/DUD-E/dude_raw/abl1/results/actives/abl1_active_000016/rank1_confidence-1.24.sdf,2.0796520709991455,12.67870044708252,0,ok
abl1_active_000017,-1.86,/home/deepfold/users/hosung/dataset/DUD-E/dude_raw/abl1/results/actives/abl1_active_000017/rank1_confidence-1.86.sdf,0.9044556021690369,10.90893268585205,2,ok
abl1_active_000018,-0.27,/home/deepfold/users/hosung/dataset/DUD-E/dude_raw/abl1/results/actives/abl1_active_000018/rank1_confidence-0.27.sdf,2.1369495391845703,12.45962905883789,0,ok
abl1_active_000019,-0.0,/home/deepfold/users/hosung/dataset/DUD-E/dude_raw/abl1/results/actives/abl1_active_000019/rank1_confidence-0.00.sdf,2.4326181411743164,12.303009033203125,0,ok
abl1_active_000020,-1.56,/home/deepfold/users/hosung/dataset/DUD-E/dude_raw/abl1/results/actives/abl1_active_000020/rank1_confidence-1.56.sdf,1.547584891319275,6.780855178833008,0,ok
abl1_active_000021,-1.61,/home/deepfold/users/hosung/dataset/DUD-E/dude_raw/abl1/results/actives/abl1_active_000021/rank1_confidence-1.61.sdf,1.9480735063552856,5.97019624710083,0,ok
abl1_active_000022,-0.08,/home/deepfold/users/hosung/dataset/DUD-E/dude_raw/abl1/results/actives/abl1_active_000022/rank1_confidence-0.08.sdf,2.124495506286621,11.388989448547363,0,ok
abl1_active_000023,-0.19,/home/deepfold/users/hosung/dataset/DUD-E/dude_raw/abl1/results/actives/abl1_active_000023/rank1_confidence-0.19.sdf,1.6789944171905518,11.538637161254883,0,ok
abl1_active_000024,-0.13,/home/deepfold/users/hosung/dataset/DUD-E/dude_raw/abl1/results/actives/abl1_active_000024/rank1_confidence-0.13.sdf,2.0254344940185547,11.545858383178711,0,ok
abl1_active_000025,-0.31,/home/deepfold/users/hosung/dataset/DUD-E/dude_raw/abl1/results/actives/abl1_active_000025/rank1_confidence-0.31.sdf,1.8131155967712402,9.681856155395508,0,ok
abl1_active_000026,-0.06,/home/deepfold/users/hosung/dataset/DUD-E/dude_raw/abl1/results/actives/abl1_active_000026/rank1_confidence-0.06.sdf,1.9306628704071045,9.625038146972656,0,ok
abl1_active_000027,-1.97,/home/deepfold/users/hosung/dataset/DUD-E/dude_raw/abl1/results/actives/abl1_active_000027/rank1_confidence-1.97.sdf,1.6398375034332275,11.397028923034668,0,ok
abl1_active_000028,-1.08,/home/deepfold/users/hosung/dataset/DUD-E/dude_raw/abl1/results/actives/abl1_active_000028/rank1_confidence-1.08.sdf,2.2484309673309326,12.521744728088379,0,ok
abl1_active_000029,-1.95,/home/deepfold/users/hosung/dataset/DUD-E/dude_raw/abl1/results/actives/abl1_active_000029/rank1_confidence-1.95.sdf,2.108666181564331,6.304713726043701,0,ok
abl1_active_000030,-1.62,/home/deepfold/users/hosung/dataset/DUD-E/dude_raw/abl1/results/actives/abl1_active_000030/rank1_confidence-1.62.sdf,2.3139002323150635,12.942461013793945,0,ok
abl1_active_000031,-2.02,/home/deepfold/users/hosung/dataset/DUD-E/dude_raw/abl1/results/actives/abl1_active_000031/rank1_confidence-2.02.sdf,1.6277192831039429,12.152534484863281,0,ok
abl1_active_000032,-0.18,/home/deepfold/users/hosung/dataset/DUD-E/dude_raw/abl1/results/actives/abl1_active_000032/rank1_confidence-0.18.sdf,2.3040194511413574,9.312291145324707,0,ok
abl1_active_000033,-0.93,/home/deepfold/users/hosung/dataset/DUD-E/dude_raw/abl1/results/actives/abl1_active_000033/rank1_confidence-0.93.sdf,1.0271611213684082,10.396071434020996,0,ok
abl1_active_000034,-1.68,/home/deepfold/users/hosung/dataset/DUD-E/dude_raw/abl1/results/actives/abl1_active_000034/rank1_confidence-1.68.sdf,1.8342422246932983,20.25196647644043,0,ok
abl1_active_000035,-1.58,/home/deepfold/users/hosung/dataset/DUD-E/dude_raw/abl1/results/actives/abl1_active_000035/rank1_confidence-1.58.sdf,1.1247344017028809,11.694154739379883,0,ok
abl1_active_000036,-1.6,/home/deepfold/users/hosung/dataset/DUD-E/dude_raw/abl1/results/actives/abl1_active_000036/rank1_confidence-1.60.sdf,1.3430043458938599,12.133896827697754,0,ok
abl1_active_000037,-2.07,/home/deepfold/users/hosung/dataset/DUD-E/dude_raw/abl1/results/actives/abl1_active_000037/rank1_confidence-2.07.sdf,0.6607464551925659,11.476494789123535,1,ok
abl1_active_000038,-0.44,/home/deepfold/users/hosung/dataset/DUD-E/dude_raw/abl1/results/actives/abl1_active_000038/rank1_confidence-0.44.sdf,1.8043692111968994,12.14809799194336,0,ok
abl1_active_000039,-1.75,/home/deepfold/users/hosung/dataset/DUD-E/dude_raw/abl1/results/actives/abl1_active_000039/rank1_confidence-1.75.sdf,2.1479239463806152,19.049135208129883,0,ok
abl1_active_000040,0.36,/home/deepfold/users/hosung/dataset/DUD-E/dude_raw/abl1/results/actives/abl1_active_000040/rank1_confidence0.36.sdf,2.756774425506592,10.541108131408691,0,ok
abl1_active_000041,0.38,/home/deepfold/users/hosung/dataset/DUD-E/dude_raw/abl1/results/actives/abl1_active_000041/rank1_confidence0.38.sdf,2.091662645339966,10.196972846984863,0,ok
abl1_active_000042,-0.93,/home/deepfold/users/hosung/dataset/DUD-E/dude_raw/abl1/results/actives/abl1_active_000042/rank1_confidence-0.93.sdf,1.0508118867874146,10.46606159210205,0,ok
abl1_active_000043,-1.39,/home/deepfold/users/hosung/dataset/DUD-E/dude_raw/abl1/results/actives/abl1_active_000043/rank1_confidence-1.39.sdf,1.3161860704421997,11.135637283325195,0,ok
abl1_active_000044,-0.77,/home/deepfold/users/hosung/dataset/DUD-E/dude_raw/abl1/results/actives/abl1_active_000044/rank1_confidence-0.77.sdf,2.4329605102539062,11.333410263061523,0,ok
abl1_active_000045,0.31,/home/deepfold/users/hosung/dataset/DUD-E/dude_raw/abl1/results/actives/abl1_active_000045/rank1_confidence0.31.sdf,2.965055227279663,10.791711807250977,0,ok
abl1_active_000046,-1.64,/home/deepfold/users/hosung/dataset/DUD-E/dude_raw/abl1/results/actives/abl1_active_000046/rank1_confidence-1.64.sdf,2.93597149848938,14.690832138061523,0,ok
abl1_active_000047,-2.49,/home/deepfold/users/hosung/dataset/DUD-E/dude_raw/abl1/results/actives/abl1_active_000047/rank1_confidence-2.49.sdf,1.0529392957687378,5.390312194824219,0,ok
abl1_active_000048,-1.44,/home/deepfold/users/hosung/dataset/DUD-E/dude_raw/abl1/results/actives/abl1_active_000048/rank1_confidence-1.44.sdf,2.6864726543426514,13.758787155151367,0,ok
abl1_active_000049,-1.75,/home/deepfold/users/hosung/dataset/DUD-E/dude_raw/abl1/results/actives/abl1_active_000049/rank1_confidence-1.75.sdf,3.1167116165161133,14.510223388671875,0,ok
abl1_active_000050,-0.56,/home/deepfold/users/hosung/dataset/DUD-E/dude_raw/abl1/results/actives/abl1_active_000050/rank1_confidence-0.56.sdf,2.408740997314453,11.426105499267578,0,ok
abl1_active_000051,-0.38,/home/deepfold/users/hosung/dataset/DUD-E/dude_raw/abl1/results/actives/abl1_active_000051/rank1_confidence-0.38.sdf,2.2408218383789062,11.338078498840332,0,ok
abl1_active_000052,-2.22,/home/deepfold/users/hosung/dataset/DUD-E/dude_raw/abl1/results/actives/abl1_active_000052/rank1_confidence-2.22.sdf,0.6247360110282898,7.495060443878174,2,ok
abl1_active_000053,-2.14,/home/deepfold/users/hosung/dataset/DUD-E/dude_raw/abl1/results/actives/abl1_active_000053/rank1_confidence-2.14.sdf,2.138314962387085,8.912914276123047,0,ok
abl1_active_000054,-0.06,/home/deepfold/users/hosung/dataset/DUD-E/dude_raw/abl1/results/actives/abl1_active_000054/rank1_confidence-0.06.sdf,2.567650318145752,10.661521911621094,0,ok
abl1_active_000055,-1.42,/home/deepfold/users/hosung/dataset/DUD-E/dude_raw/abl1/results/actives/abl1_active_000055/rank1_confidence-1.42.sdf,1.523157000541687,6.128933429718018,0,ok
abl1_active_000056,-1.4,/home/deepfold/users/hosung/dataset/DUD-E/dude_raw/abl1/results/actives/abl1_active_000056/rank1_confidence-1.40.sdf,1.8481215238571167,6.2521514892578125,0,ok
abl1_active_000057,-1.41,/home/deepfold/users/hosung/dataset/DUD-E/dude_raw/abl1/results/actives/abl1_active_000057/rank1_confidence-1.41.sdf,1.88920259475708,5.532132625579834,0,ok
abl1_active_000058,-1.71,/home/deepfold/users/hosung/dataset/DUD-E/dude_raw/abl1/results/actives/abl1_active_000058/rank1_confidence-1.71.sdf,1.8913249969482422,5.999383926391602,0,ok
abl1_active_000059,-1.2,/home/deepfold/users/hosung/dataset/DUD-E/dude_raw/abl1/results/actives/abl1_active_000059/rank1_confidence-1.20.sdf,1.4228942394256592,5.804185390472412,0,ok
abl1_active_000060,-1.37,/home/deepfold/users/hosung/dataset/DUD-E/dude_raw/abl1/results/actives/abl1_active_000060/rank1_confidence-1.37.sdf,1.755849003791809,6.068304538726807,0,ok
abl1_active_000061,-1.31,/home/deepfold/users/hosung/dataset/DUD-E/dude_raw/abl1/results/actives/abl1_active_000061/rank1_confidence-1.31.sdf,2.0254597663879395,5.780025482177734,0,ok
abl1_active_000062,-1.28,/home/deepfold/users/hosung/dataset/DUD-E/dude_raw/abl1/results/actives/abl1_active_000062/rank1_confidence-1.28.sdf,1.9537394046783447,5.782466411590576,0,ok
abl1_active_000063,-0.54,/home/deepfold/users/hosung/dataset/DUD-E/dude_raw/abl1/results/actives/abl1_active_000063/rank1_confidence-0.54.sdf,1.8895424604415894,11.52527904510498,0,ok
abl1_active_000064,-0.57,/home/deepfold/users/hosung/dataset/DUD-E/dude_raw/abl1/results/actives/abl1_active_000064/rank1_confidence-0.57.sdf,2.029878854751587,11.71711540222168,0,ok
abl1_active_000065,-1.26,/home/deepfold/users/hosung/dataset/DUD-E/dude_raw/abl1/results/actives/abl1_active_000065/rank1_confidence-1.26.sdf,1.7758396863937378,5.654375076293945,0,ok
abl1_active_000066,-1.34,/home/deepfold/users/hosung/dataset/DUD-E/dude_raw/abl1/results/actives/abl1_active_000066/rank1_confidence-1.34.sdf,0.7077259421348572,4.682238578796387,2,ok
abl1_active_000067,-1.14,/home/deepfold/users/hosung/dataset/DUD-E/dude_raw/abl1/results/actives/abl1_active_000067/rank1_confidence-1.14.sdf,1.8857520818710327,5.7663116455078125,0,ok
abl1_active_000068,-1.42,/home/deepfold/users/hosung/dataset/DUD-E/dude_raw/abl1/results/actives/abl1_active_000068/rank1_confidence-1.42.sdf,1.5373109579086304,5.844353675842285,0,ok
abl1_active_000069,-1.97,/home/deepfold/users/hosung/dataset/DUD-E/dude_raw/abl1/results/actives/abl1_active_000069/rank1_confidence-1.97.sdf,1.3851237297058105,11.1443452835083,0,ok
abl1_active_000070,0.5,/home/deepfold/users/hosung/dataset/DUD-E/dude_raw/abl1/results/actives/abl1_active_000070/rank1_confidence0.50.sdf,2.69692063331604,9.063580513000488,0,ok
abl1_active_000071,0.22,/home/deepfold/users/hosung/dataset/DUD-E/dude_raw/abl1/results/actives/abl1_active_000071/rank1_confidence0.22.sdf,2.7859461307525635,8.816683769226074,0,ok
abl1_active_000072,-1.24,/home/deepfold/users/hosung/dataset/DUD-E/dude_raw/abl1/results/actives/abl1_active_000072/rank1_confidence-1.24.sdf,1.8138400316238403,8.91783618927002,0,ok
abl1_active_000073,-1.75,/home/deepfold/users/hosung/dataset/DUD-E/dude_raw/abl1/results/actives/abl1_active_000073/rank1_confidence-1.75.sdf,3.027710437774658,28.492427825927734,0,ok
abl1_active_000074,-0.06,/home/deepfold/users/hosung/dataset/DUD-E/dude_raw/abl1/results/actives/abl1_active_000074/rank1_confidence-0.06.sdf,1.1326193809509277,10.02265739440918,0,ok
abl1_active_000075,-1.07,/home/deepfold/users/hosung/dataset/DUD-E/dude_raw/abl1/results/actives/abl1_active_000075/rank1_confidence-1.07.sdf,1.1715612411499023,10.624629020690918,0,ok
abl1_active_000076,-0.78,/home/deepfold/users/hosung/dataset/DUD-E/dude_raw/abl1/results/actives/abl1_active_000076/rank1_confidence-0.78.sdf,1.85427725315094,9.936564445495605,0,ok
abl1_active_000077,-1.94,/home/deepfold/users/hosung/dataset/DUD-E/dude_raw/abl1/results/actives/abl1_active_000077/rank1_confidence-1.94.sdf,1.8586583137512207,5.667712211608887,0,ok
abl1_active_000078,-1.94,/home/deepfold/users/hosung/dataset/DUD-E/dude_raw/abl1/results/actives/abl1_active_000078/rank1_confidence-1.94.sdf,1.3492430448532104,5.778661727905273,0,ok
abl1_active_000079,-1.02,/home/deepfold/users/hosung/dataset/DUD-E/dude_raw/abl1/results/actives/abl1_active_000079/rank1_confidence-1.02.sdf,1.9895398616790771,6.119140625,0,ok
abl1_active_000080,-1.14,/home/deepfold/users/hosung/dataset/DUD-E/dude_raw/abl1/results/actives/abl1_active_000080/rank1_confidence-1.14.sdf,0.9729255437850952,11.475395202636719,1,ok
abl1_active_000081,-0.16,/home/deepfold/users/hosung/dataset/DUD-E/dude_raw/abl1/results/actives/abl1_active_000081/rank1_confidence-0.16.sdf,2.3638200759887695,8.95693302154541,0,ok
abl1_active_000082,-1.26,/home/deepfold/users/hosung/dataset/DUD-E/dude_raw/abl1/results/actives/abl1_active_000082/rank1_confidence-1.26.sdf,2.315354824066162,11.249542236328125,0,ok
abl1_active_000083,-0.35,/home/deepfold/users/hosung/dataset/DUD-E/dude_raw/abl1/results/actives/abl1_active_000083/rank1_confidence-0.35.sdf,1.9019440412521362,10.623650550842285,0,ok
abl1_active_000084,-3.19,/home/deepfold/users/hosung/dataset/DUD-E/dude_raw/abl1/results/actives/abl1_active_000084/rank1_confidence-3.19.sdf,0.4779600203037262,12.87734603881836,1,ok
abl1_active_000085,-1.37,/home/deepfold/users/hosung/dataset/DUD-E/dude_raw/abl1/results/actives/abl1_active_000085/rank1_confidence-1.37.sdf,1.92524254322052,6.334137916564941,0,ok
abl1_active_000086,-1.53,/home/deepfold/users/hosung/dataset/DUD-E/dude_raw/abl1/results/actives/abl1_active_000086/rank1_confidence-1.53.sdf,1.9457013607025146,5.942613124847412,0,ok
abl1_active_000087,-1.28,/home/deepfold/users/hosung/dataset/DUD-E/dude_raw/abl1/results/actives/abl1_active_000087/rank1_confidence-1.28.sdf,1.8597345352172852,5.83659553527832,0,ok
abl1_active_000088,0.04,/home/deepfold/users/hosung/dataset/DUD-E/dude_raw/abl1/results/actives/abl1_active_000088/rank1_confidence0.04.sdf,2.3383102416992188,9.627583503723145,0,ok
abl1_active_000089,-1.7,/home/deepfold/users/hosung/dataset/DUD-E/dude_raw/abl1/results/actives/abl1_active_000089/rank1_confidence-1.70.sdf,2.824129819869995,16.16701889038086,0,ok
abl1_active_000090,-2.72,/home/deepfold/users/hosung/dataset/DUD-E/dude_raw/abl1/results/actives/abl1_active_000090/rank1_confidence-2.72.sdf,1.6761934757232666,10.118374824523926,0,ok
abl1_active_000091,-3.07,/home/deepfold/users/hosung/dataset/DUD-E/dude_raw/abl1/results/actives/abl1_active_000091/rank1_confidence-3.07.sdf,1.5941256284713745,5.727662086486816,0,ok
abl1_active_000092,-2.73,/home/deepfold/users/hosung/dataset/DUD-E/dude_raw/abl1/results/actives/abl1_active_000092/rank1_confidence-2.73.sdf,1.8988568782806396,10.030057907104492,0,ok
abl1_active_000093,-1.2,/home/deepfold/users/hosung/dataset/DUD-E/dude_raw/abl1/results/actives/abl1_active_000093/rank1_confidence-1.20.sdf,1.6351616382598877,6.055568695068359,0,ok
abl1_active_000094,-1.1,/home/deepfold/users/hosung/dataset/DUD-E/dude_raw/abl1/results/actives/abl1_active_000094/rank1_confidence-1.10.sdf,1.6553012132644653,6.0721116065979,0,ok
abl1_active_000095,0.25,/home/deepfold/users/hosung/dataset/DUD-E/dude_raw/abl1/results/actives/abl1_active_000095/rank1_confidence0.25.sdf,2.7341084480285645,12.19228458404541,0,ok
abl1_active_000096,0.31,/home/deepfold/users/hosung/dataset/DUD-E/dude_raw/abl1/results/actives/abl1_active_000096/rank1_confidence0.31.sdf,2.6475961208343506,12.301755905151367,0,ok
abl1_active_000097,0.13,/home/deepfold/users/hosung/dataset/DUD-E/dude_raw/abl1/results/actives/abl1_active_000097/rank1_confidence0.13.sdf,2.4832582473754883,10.891754150390625,0,ok
abl1_active_000098,0.26,/home/deepfold/users/hosung/dataset/DUD-E/dude_raw/abl1/results/actives/abl1_active_000098/rank1_confidence0.26.sdf,2.459002733230591,10.883203506469727,0,ok
abl1_active_000099,-1.95,/home/deepfold/users/hosung/dataset/DUD-E/dude_raw/abl1/results/actives/abl1_active_000099/rank1_confidence-1.95.sdf,1.0161932706832886,20.137075424194336,0,ok
abl1_active_000100,-0.2,/home/deepfold/users/hosung/dataset/DUD-E/dude_raw/abl1/results/actives/abl1_active_000100/rank1_confidence-0.20.sdf,2.7627155780792236,11.989969253540039,0,ok
abl1_active_000101,-0.15,/home/deepfold/users/hosung/dataset/DUD-E/dude_raw/abl1/results/actives/abl1_active_000101/rank1_confidence-0.15.sdf,2.5541117191314697,11.820587158203125,0,ok
abl1_active_000102,-0.09,/home/deepfold/users/hosung/dataset/DUD-E/dude_raw/abl1/results/actives/abl1_active_000102/rank1_confidence-0.09.sdf,2.64660382270813,11.719076156616211,0,ok
abl1_active_000103,-0.18,/home/deepfold/users/hosung/dataset/DUD-E/dude_raw/abl1/results/actives/abl1_active_000103/rank1_confidence-0.18.sdf,2.478691816329956,11.761251449584961,0,ok
abl1_active_000104,-0.13,/home/deepfold/users/hosung/dataset/DUD-E/dude_raw/abl1/results/actives/abl1_active_000104/rank1_confidence-0.13.sdf,2.614910125732422,11.64660358428955,0,ok
abl1_active_000105,-0.48,/home/deepfold/users/hosung/dataset/DUD-E/dude_raw/abl1/results/actives/abl1_active_000105/rank1_confidence-0.48.sdf,1.8972433805465698,10.79627513885498,0,ok
abl1_active_000106,-1.26,/home/deepfold/users/hosung/dataset/DUD-E/dude_raw/abl1/results/actives/abl1_active_000106/rank1_confidence-1.26.sdf,1.7960504293441772,5.860400199890137,0,ok
abl1_active_000107,-1.55,/home/deepfold/users/hosung/dataset/DUD-E/dude_raw/abl1/results/actives/abl1_active_000107/rank1_confidence-1.55.sdf,1.5780290365219116,5.679605484008789,0,ok
abl1_active_000108,-0.53,/home/deepfold/users/hosung/dataset/DUD-E/dude_raw/abl1/results/actives/abl1_active_000108/rank1_confidence-0.53.sdf,2.01853346824646,10.85494613647461,0,ok
abl1_active_000109,-0.37,/home/deepfold/users/hosung/dataset/DUD-E/dude_raw/abl1/results/actives/abl1_active_000109/rank1_confidence-0.37.sdf,2.0601508617401123,10.789420127868652,0,ok
abl1_active_000110,0.16,/home/deepfold/users/hosung/dataset/DUD-E/dude_raw/abl1/results/actives/abl1_active_000110/rank1_confidence0.16.sdf,2.7361557483673096,10.640002250671387,0,ok
abl1_active_000111,-1.16,/home/deepfold/users/hosung/dataset/DUD-E/dude_raw/abl1/results/actives/abl1_active_000111/rank1_confidence-1.16.sdf,2.1262319087982178,10.86659049987793,0,ok
abl1_active_000112,-2.47,/home/deepfold/users/hosung/dataset/DUD-E/dude_raw/abl1/results/actives/abl1_active_000112/rank1_confidence-2.47.sdf,0.821758508682251,10.847798347473145,1,ok
abl1_active_000113,-1.29,/home/deepfold/users/hosung/dataset/DUD-E/dude_raw/abl1/results/actives/abl1_active_000113/rank1_confidence-1.29.sdf,2.001579999923706,5.720862865447998,0,ok
abl1_active_000114,-1.26,/home/deepfold/users/hosung/dataset/DUD-E/dude_raw/abl1/results/actives/abl1_active_000114/rank1_confidence-1.26.sdf,1.5748385190963745,5.987765789031982,0,ok
abl1_active_000115,-2.17,/home/deepfold/users/hosung/dataset/DUD-E/dude_raw/abl1/results/actives/abl1_active_000115/rank1_confidence-2.17.sdf,1.4299938678741455,9.708130836486816,0,ok
abl1_active_000116,-1.44,/home/deepfold/users/hosung/dataset/DUD-E/dude_raw/abl1/results/actives/abl1_active_000116/rank1_confidence-1.44.sdf,1.9864041805267334,5.747508525848389,0,ok
abl1_active_000117,-1.32,/home/deepfold/users/hosung/dataset/DUD-E/dude_raw/abl1/results/actives/abl1_active_000117/rank1_confidence-1.32.sdf,1.4975274801254272,5.36947774887085,0,ok
abl1_active_000118,-0.9,/home/deepfold/users/hosung/dataset/DUD-E/dude_raw/abl1/results/actives/abl1_active_000118/rank1_confidence-0.90.sdf,1.3311573266983032,8.656815528869629,0,ok
abl1_active_000119,0.12,/home/deepfold/users/hosung/dataset/DUD-E/dude_raw/abl1/results/actives/abl1_active_000119/rank1_confidence0.12.sdf,2.4932050704956055,8.72740650177002,0,ok
abl1_active_000120,0.34,/home/deepfold/users/hosung/dataset/DUD-E/dude_raw/abl1/results/actives/abl1_active_000120/rank1_confidence0.34.sdf,2.039299488067627,10.480365753173828,0,ok
abl1_active_000121,-1.37,/home/deepfold/users/hosung/dataset/DUD-E/dude_raw/abl1/results/actives/abl1_active_000121/rank1_confidence-1.37.sdf,1.4756808280944824,7.77401876449585,0,ok
abl1_active_000122,-1.71,/home/deepfold/users/hosung/dataset/DUD-E/dude_raw/abl1/results/actives/abl1_active_000122/rank1_confidence-1.71.sdf,1.5441937446594238,7.897201061248779,0,ok
abl1_active_000123,-0.42,/home/deepfold/users/hosung/dataset/DUD-E/dude_raw/abl1/results/actives/abl1_active_000123/rank1_confidence-0.42.sdf,2.0617692470550537,8.35522747039795,0,ok
abl1_active_000124,-0.54,/home/deepfold/users/hosung/dataset/DUD-E/dude_raw/abl1/results/actives/abl1_active_000124/rank1_confidence-0.54.sdf,2.307404041290283,11.69537353515625,0,ok
abl1_active_000125,-0.98,/home/deepfold/users/hosung/dataset/DUD-E/dude_raw/abl1/results/actives/abl1_active_000125/rank1_confidence-0.98.sdf,1.4799559116363525,5.909910202026367,0,ok
abl1_active_000126,-1.18,/home/deepfold/users/hosung/dataset/DUD-E/dude_raw/abl1/results/actives/abl1_active_000126/rank1_confidence-1.18.sdf,0.646531879901886,5.869887351989746,1,ok
abl1_active_000127,-0.89,/home/deepfold/users/hosung/dataset/DUD-E/dude_raw/abl1/results/actives/abl1_active_000127/rank1_confidence-0.89.sdf,1.7387100458145142,11.746925354003906,0,ok
abl1_active_000128,-1.28,/home/deepfold/users/hosung/dataset/DUD-E/dude_raw/abl1/results/actives/abl1_active_000128/rank1_confidence-1.28.sdf,1.1751164197921753,12.116193771362305,0,ok
abl1_active_000129,-0.89,/home/deepfold/users/hosung/dataset/DUD-E/dude_raw/abl1/results/actives/abl1_active_000129/rank1_confidence-0.89.sdf,2.528144359588623,12.417773246765137,0,ok
abl1_active_000130,-0.6,/home/deepfold/users/hosung/dataset/DUD-E/dude_raw/abl1/results/actives/abl1_active_000130/rank1_confidence-0.60.sdf,2.4287784099578857,12.801244735717773,0,ok
abl1_active_000131,-0.45,/home/deepfold/users/hosung/dataset/DUD-E/dude_raw/abl1/results/actives/abl1_active_000131/rank1_confidence-0.45.sdf,2.710123300552368,11.539962768554688,0,ok
abl1_active_000132,-0.2,/home/deepfold/users/hosung/dataset/DUD-E/dude_raw/abl1/results/actives/abl1_active_000132/rank1_confidence-0.20.sdf,1.806370496749878,11.656449317932129,0,ok
abl1_active_000133,-0.22,/home/deepfold/users/hosung/dataset/DUD-E/dude_raw/abl1/results/actives/abl1_active_000133/rank1_confidence-0.22.sdf,2.173522710800171,11.667097091674805,0,ok
abl1_active_000134,-2.24,/home/deepfold/users/hosung/dataset/DUD-E/dude_raw/abl1/results/actives/abl1_active_000134/rank1_confidence-2.24.sdf,1.6024110317230225,10.770233154296875,0,ok
abl1_active_000135,-0.91,/home/deepfold/users/hosung/dataset/DUD-E/dude_raw/abl1/results/actives/abl1_active_000135/rank1_confidence-0.91.sdf,2.0746896266937256,11.489485740661621,0,ok
abl1_active_000136,-0.65,/home/deepfold/users/hosung/dataset/DUD-E/dude_raw/abl1/results/actives/abl1_active_000136/rank1_confidence-0.65.sdf,2.0291991233825684,11.37907886505127,0,ok
abl1_active_000137,-1.45,/home/deepfold/users/hosung/dataset/DUD-E/dude_raw/abl1/results/actives/abl1_active_000137/rank1_confidence-1.45.sdf,1.8708981275558472,9.853150367736816,0,ok
abl1_active_000138,-2.05,/home/deepfold/users/hosung/dataset/DUD-E/dude_raw/abl1/results/actives/abl1_active_000138/rank1_confidence-2.05.sdf,1.8729705810546875,15.166187286376953,0,ok
abl1_active_000139,-0.46,/home/deepfold/users/hosung/dataset/DUD-E/dude_raw/abl1/results/actives/abl1_active_000139/rank1_confidence-0.46.sdf,2.633101463317871,11.97350025177002,0,ok
abl1_active_000140,-0.97,/home/deepfold/users/hosung/dataset/DUD-E/dude_raw/abl1/results/actives/abl1_active_000140/rank1_confidence-0.97.sdf,1.818843126296997,12.778602600097656,0,ok
abl1_active_000141,-1.42,/home/deepfold/users/hosung/dataset/DUD-E/dude_raw/abl1/results/actives/abl1_active_000141/rank1_confidence-1.42.sdf,1.4742441177368164,13.148439407348633,0,ok
abl1_active_000142,0.38,/home/deepfold/users/hosung/dataset/DUD-E/dude_raw/abl1/results/actives/abl1_active_000142/rank1_confidence0.38.sdf,2.6816556453704834,11.43260669708252,0,ok
abl1_active_000143,0.32,/home/deepfold/users/hosung/dataset/DUD-E/dude_raw/abl1/results/actives/abl1_active_000143/rank1_confidence0.32.sdf,2.7234370708465576,11.21765422821045,0,ok
abl1_active_000144,-1.32,/home/deepfold/users/hosung/dataset/DUD-E/dude_raw/abl1/results/actives/abl1_active_000144/rank1_confidence-1.32.sdf,1.7523423433303833,11.976910591125488,0,ok
abl1_active_000145,-1.84,/home/deepfold/users/hosung/dataset/DUD-E/dude_raw/abl1/results/actives/abl1_active_000145/rank1_confidence-1.84.sdf,1.527153730392456,5.004367828369141,0,ok
abl1_active_000146,0.4,/home/deepfold/users/hosung/dataset/DUD-E/dude_raw/abl1/results/actives/abl1_active_000146/rank1_confidence0.40.sdf,2.6249630451202393,9.461004257202148,0,ok
abl1_active_000147,-0.42,/home/deepfold/users/hosung/dataset/DUD-E/dude_raw/abl1/results/actives/abl1_active_000147/rank1_confidence-0.42.sdf,1.9837710857391357,11.807653427124023,0,ok
abl1_active_000148,-0.47,/home/deepfold/users/hosung/dataset/DUD-E/dude_raw/abl1/results/actives/abl1_active_000148/rank1_confidence-0.47.sdf,2.2157294750213623,11.690876007080078,0,ok
abl1_active_000149,-0.91,/home/deepfold/users/hosung/dataset/DUD-E/dude_raw/abl1/results/actives/abl1_active_000149/rank1_confidence-0.91.sdf,1.4940205812454224,10.59890079498291,0,ok
abl1_active_000150,-1.45,/home/deepfold/users/hosung/dataset/DUD-E/dude_raw/abl1/results/actives/abl1_active_000150/rank1_confidence-1.45.sdf,1.6887288093566895,6.288066864013672,0,ok
abl1_active_000151,-1.3,/home/deepfold/users/hosung/dataset/DUD-E/dude_raw/abl1/results/actives/abl1_active_000151/rank1_confidence-1.30.sdf,1.923132300376892,6.0424957275390625,0,ok
abl1_active_000152,0.24,/home/deepfold/users/hosung/dataset/DUD-E/dude_raw/abl1/results/actives/abl1_active_000152/rank1_confidence0.24.sdf,2.008998394012451,9.424576759338379,0,ok
abl1_active_000153,0.12,/home/deepfold/users/hosung/dataset/DUD-E/dude_raw/abl1/results/actives/abl1_active_000153/rank1_confidence0.12.sdf,2.528895854949951,9.900768280029297,0,ok
abl1_active_000154,-0.93,/home/deepfold/users/hosung/dataset/DUD-E/dude_raw/abl1/results/actives/abl1_active_000154/rank1_confidence-0.93.sdf,1.8745074272155762,7.218466758728027,0,ok
abl1_active_000155,-1.08,/home/deepfold/users/hosung/dataset/DUD-E/dude_raw/abl1/results/actives/abl1_active_000155/rank1_confidence-1.08.sdf,1.7156169414520264,7.3083720207214355,0,ok
abl1_active_000156,0.51,/home/deepfold/users/hosung/dataset/DUD-E/dude_raw/abl1/results/actives/abl1_active_000156/rank1_confidence0.51.sdf,2.090132474899292,9.821385383605957,0,ok
abl1_active_000157,-1.54,/home/deepfold/users/hosung/dataset/DUD-E/dude_raw/abl1/results/actives/abl1_active_000157/rank1_confidence-1.54.sdf,0.9392352104187012,8.497191429138184,2,ok
abl1_active_000158,-1.29,/home/deepfold/users/hosung/dataset/DUD-E/dude_raw/abl1/results/actives/abl1_active_000158/rank1_confidence-1.29.sdf,1.6701750755310059,8.734411239624023,0,ok
abl1_active_000159,-3.09,/home/deepfold/users/hosung/dataset/DUD-E/dude_raw/abl1/results/actives/abl1_active_000159/rank1_confidence-3.09.sdf,1.951811671257019,22.508420944213867,0,ok
abl1_active_000160,-2.08,/home/deepfold/users/hosung/dataset/DUD-E/dude_raw/abl1/results/actives/abl1_active_000160/rank1_confidence-2.08.sdf,1.925706386566162,21.32734489440918,0,ok
abl1_active_000161,-0.08,/home/deepfold/users/hosung/dataset/DUD-E/dude_raw/abl1/results/actives/abl1_active_000161/rank1_confidence-0.08.sdf,2.3297009468078613,11.43143081665039,0,ok
abl1_active_000162,-0.66,/home/deepfold/users/hosung/dataset/DUD-E/dude_raw/abl1/results/actives/abl1_active_000162/rank1_confidence-0.66.sdf,2.533071756362915,11.996163368225098,0,ok
abl1_active_000163,-0.48,/home/deepfold/users/hosung/dataset/DUD-E/dude_raw/abl1/results/actives/abl1_active_000163/rank1_confidence-0.48.sdf,1.7138608694076538,10.833333969116211,0,ok
abl1_active_000164,-1.55,/home/deepfold/users/hosung/dataset/DUD-E/dude_raw/abl1/results/actives/abl1_active_000164/rank1_confidence-1.55.sdf,1.379487156867981,11.823319435119629,0,ok
abl1_active_000165,-1.59,/home/deepfold/users/hosung/dataset/DUD-E/dude_raw/abl1/results/actives/abl1_active_000165/rank1_confidence-1.59.sdf,1.0117344856262207,11.818768501281738,0,ok
abl1_active_000166,-0.66,/home/deepfold/users/hosung/dataset/DUD-E/dude_raw/abl1/results/actives/abl1_active_000166/rank1_confidence-0.66.sdf,1.7888168096542358,11.390522956848145,0,ok
abl1_active_000167,-2.51,/home/deepfold/users/hosung/dataset/DUD-E/dude_raw/abl1/results/actives/abl1_active_000167/rank1_confidence-2.51.sdf,1.012772560119629,8.509889602661133,0,ok
abl1_active_000168,-0.68,/home/deepfold/users/hosung/dataset/DUD-E/dude_raw/abl1/results/actives/abl1_active_000168/rank1_confidence-0.68.sdf,2.1205499172210693,11.2261381149292,0,ok
abl1_active_000169,-1.13,/home/deepfold/users/hosung/dataset/DUD-E/dude_raw/abl1/results/actives/abl1_active_000169/rank1_confidence-1.13.sdf,1.8289411067962646,10.4996919631958,0,ok
abl1_active_000170,-2.99,/home/deepfold/users/hosung/dataset/DUD-E/dude_raw/abl1/results/actives/abl1_active_000170/rank1_confidence-2.99.sdf,1.329851746559143,15.09981918334961,0,ok
abl1_active_000171,-1.74,/home/deepfold/users/hosung/dataset/DUD-E/dude_raw/abl1/results/actives/abl1_active_000171/rank1_confidence-1.74.sdf,1.5467265844345093,5.500165939331055,0,ok
abl1_active_000172,0.11,/home/deepfold/users/hosung/dataset/DUD-E/dude_raw/abl1/results/actives/abl1_active_000172/rank1_confidence0.11.sdf,2.3160219192504883,9.726021766662598,0,ok
abl1_active_000173,-1.66,/home/deepfold/users/hosung/dataset/DUD-E/dude_raw/abl1/results/actives/abl1_active_000173/rank1_confidence-1.66.sdf,1.772197961807251,5.794483661651611,0,ok
abl1_active_000174,-1.28,/home/deepfold/users/hosung/dataset/DUD-E/dude_raw/abl1/results/actives/abl1_active_000174/rank1_confidence-1.28.sdf,1.923435926437378,6.1691460609436035,0,ok
abl1_active_000175,-1.33,/home/deepfold/users/hosung/dataset/DUD-E/dude_raw/abl1/results/actives/abl1_active_000175/rank1_confidence-1.33.sdf,1.6313740015029907,5.222473621368408,0,ok
abl1_active_000176,-1.37,/home/deepfold/users/hosung/dataset/DUD-E/dude_raw/abl1/results/actives/abl1_active_000176/rank1_confidence-1.37.sdf,1.9880646467208862,5.626641750335693,0,ok
abl1_active_000177,-2.04,/home/deepfold/users/hosung/dataset/DUD-E/dude_raw/abl1/results/actives/abl1_active_000177/rank1_confidence-2.04.sdf,1.4677050113677979,6.80813455581665,0,ok
abl1_active_000178,-3.0,/home/deepfold/users/hosung/dataset/DUD-E/dude_raw/abl1/results/actives/abl1_active_000178/rank1_confidence-3.00.sdf,0.4108145236968994,8.568917274475098,3,ok
abl1_active_000179,-1.07,/home/deepfold/users/hosung/dataset/DUD-E/dude_raw/abl1/results/actives/abl1_active_000179/rank1_confidence-1.07.sdf,1.867296576499939,12.12255859375,0,ok
abl1_active_000180,-1.75,/home/deepfold/users/hosung/dataset/DUD-E/dude_raw/abl1/results/actives/abl1_active_000180/rank1_confidence-1.75.sdf,2.1295201778411865,11.466609954833984,0,ok
abl1_active_000181,-2.14,/home/deepfold/users/hosung/dataset/DUD-E/dude_raw/abl1/results/actives/abl1_active_000181/rank1_confidence-2.14.sdf,1.5589194297790527,16.234827041625977,0,ok
abl1_active_000182,-1.9,/home/deepfold/users/hosung/dataset/DUD-E/dude_raw/abl1/results/actives/abl1_active_000182/rank1_confidence-1.90.sdf,2.3736729621887207,11.154213905334473,0,ok
abl1_active_000183,-1.94,/home/deepfold/users/hosung/dataset/DUD-E/dude_raw/abl1/results/actives/abl1_active_000183/rank1_confidence-1.94.sdf,1.228723168373108,12.324732780456543,0,ok
abl1_active_000184,-2.27,/home/deepfold/users/hosung/dataset/DUD-E/dude_raw/abl1/results/actives/abl1_active_000184/rank1_confidence-2.27.sdf,2.539865732192993,14.568275451660156,0,ok
abl1_active_000185,-1.79,/home/deepfold/users/hosung/dataset/DUD-E/dude_raw/abl1/results/actives/abl1_active_000185/rank1_confidence-1.79.sdf,1.7900516986846924,22.590051651000977,0,ok
abl1_active_000186,-2.15,/home/deepfold/users/hosung/dataset/DUD-E/dude_raw/abl1/results/actives/abl1_active_000186/rank1_confidence-2.15.sdf,0.7863260507583618,6.82744026184082,1,ok
abl1_active_000187,-1.0,/home/deepfold/users/hosung/dataset/DUD-E/dude_raw/abl1/results/actives/abl1_active_000187/rank1_confidence-1.00.sdf,2.2356581687927246,15.775033950805664,0,ok
abl1_active_000188,-1.41,/home/deepfold/users/hosung/dataset/DUD-E/dude_raw/abl1/results/actives/abl1_active_000188/rank1_confidence-1.41.sdf,1.4971494674682617,13.129362106323242,0,ok
abl1_active_000189,-1.32,/home/deepfold/users/hosung/dataset/DUD-E/dude_raw/abl1/results/actives/abl1_active_000189/rank1_confidence-1.32.sdf,1.4621875286102295,10.883840560913086,0,ok
abl1_active_000190,-2.02,/home/deepfold/users/hosung/dataset/DUD-E/dude_raw/abl1/results/actives/abl1_active_000190/rank1_confidence-2.02.sdf,1.2742422819137573,8.060811042785645,0,ok
abl1_active_000191,-2.28,/home/deepfold/users/hosung/dataset/DUD-E/dude_raw/abl1/results/actives/abl1_active_000191/rank1_confidence-2.28.sdf,0.7093329429626465,10.37351131439209,2,ok
abl1_active_000192,-2.1,/home/deepfold/users/hosung/dataset/DUD-E/dude_raw/abl1/results/actives/abl1_active_000192/rank1_confidence-2.10.sdf,0.40581539273262024,11.242086410522461,3,ok
abl1_active_000193,-0.67,/home/deepfold/users/hosung/dataset/DUD-E/dude_raw/abl1/results/actives/abl1_active_000193/rank1_confidence-0.67.sdf,1.490490198135376,9.074864387512207,0,ok
abl1_active_000194,-2.18,/home/deepfold/users/hosung/dataset/DUD-E/dude_raw/abl1/results/actives/abl1_active_000194/rank1_confidence-2.18.sdf,1.7036280632019043,11.198671340942383,0,ok
abl1_active_000195,-1.95,/home/deepfold/users/hosung/dataset/DUD-E/dude_raw/abl1/results/actives/abl1_active_000195/rank1_confidence-1.95.sdf,1.8446232080459595,13.895269393920898,0,ok
abl1_active_000196,-3.34,/home/deepfold/users/hosung/dataset/DUD-E/dude_raw/abl1/results/actives/abl1_active_000196/rank1_confidence-3.34.sdf,2.4786839485168457,9.291622161865234,0,ok
abl1_active_000197,-1.89,/home/deepfold/users/hosung/dataset/DUD-E/dude_raw/abl1/results/actives/abl1_active_000197/rank1_confidence-1.89.sdf,1.1937261819839478,13.732253074645996,0,ok
abl1_active_000198,-0.64,/home/deepfold/users/hosung/dataset/DUD-E/dude_raw/abl1/results/actives/abl1_active_000198/rank1_confidence-0.64.sdf,2.6268627643585205,11.704824447631836,0,ok
abl1_active_000199,0.67,/home/deepfold/users/hosung/dataset/DUD-E/dude_raw/abl1/results/actives/abl1_active_000199/rank1_confidence0.67.sdf,2.9096744060516357,10.85667610168457,0,ok
abl1_active_000200,-0.55,/home/deepfold/users/hosung/dataset/DUD-E/dude_raw/abl1/results/actives/abl1_active_000200/rank1_confidence-0.55.sdf,1.8093910217285156,9.444072723388672,0,ok
abl1_active_000201,-0.6,/home/deepfold/users/hosung/dataset/DUD-E/dude_raw/abl1/results/actives/abl1_active_000201/rank1_confidence-0.60.sdf,1.9300404787063599,10.945161819458008,0,ok
abl1_active_000202,-0.72,/home/deepfold/users/hosung/dataset/DUD-E/dude_raw/abl1/results/actives/abl1_active_000202/rank1_confidence-0.72.sdf,1.961424708366394,10.987992286682129,0,ok
abl1_active_000203,-1.85,/home/deepfold/users/hosung/dataset/DUD-E/dude_raw/abl1/results/actives/abl1_active_000203/rank1_confidence-1.85.sdf,1.260023832321167,7.109751224517822,0,ok
abl1_active_000204,-1.58,/home/deepfold/users/hosung/dataset/DUD-E/dude_raw/abl1/results/actives/abl1_active_000204/rank1_confidence-1.58.sdf,1.7540799379348755,6.637537479400635,0,ok
abl1_active_000205,-2.01,/home/deepfold/users/hosung/dataset/DUD-E/dude_raw/abl1/results/actives/abl1_active_000205/rank1_confidence-2.01.sdf,0.3655710220336914,8.705595970153809,1,ok
abl1_active_000206,-1.51,/home/deepfold/users/hosung/dataset/DUD-E/dude_raw/abl1/results/actives/abl1_active_000206/rank1_confidence-1.51.sdf,1.0594717264175415,7.612377643585205,0,ok
abl1_active_000207,-2.46,/home/deepfold/users/hosung/dataset/DUD-E/dude_raw/abl1/results/actives/abl1_active_000207/rank1_confidence-2.46.sdf,1.9550294876098633,17.51602554321289,0,ok
abl1_active_000208,-2.2,/home/deepfold/users/hosung/dataset/DUD-E/dude_raw/abl1/results/actives/abl1_active_000208/rank1_confidence-2.20.sdf,1.4018049240112305,6.273958206176758,0,ok
abl1_active_000209,-1.91,/home/deepfold/users/hosung/dataset/DUD-E/dude_raw/abl1/results/actives/abl1_active_000209/rank1_confidence-1.91.sdf,1.3780289888381958,28.3326416015625,0,ok
abl1_active_000210,-1.9,/home/deepfold/users/hosung/dataset/DUD-E/dude_raw/abl1/results/actives/abl1_active_000210/rank1_confidence-1.90.sdf,0.4152514338493347,4.722498416900635,1,ok
abl1_active_000211,-0.29,/home/deepfold/users/hosung/dataset/DUD-E/dude_raw/abl1/results/actives/abl1_active_000211/rank1_confidence-0.29.sdf,2.189897298812866,11.43692398071289,0,ok
abl1_active_000212,-1.17,/home/deepfold/users/hosung/dataset/DUD-E/dude_raw/abl1/results/actives/abl1_active_000212/rank1_confidence-1.17.sdf,1.0951560735702515,9.502480506896973,0,ok
abl1_active_000213,-1.2,/home/deepfold/users/hosung/dataset/DUD-E/dude_raw/abl1/results/actives/abl1_active_000213/rank1_confidence-1.20.sdf,1.0366326570510864,9.467662811279297,0,ok
abl1_active_000214,0.45,/home/deepfold/users/hosung/dataset/DUD-E/dude_raw/abl1/results/actives/abl1_active_000214/rank1_confidence0.45.sdf,2.9527857303619385,9.035130500793457,0,ok
abl1_active_000215,0.43,/home/deepfold/users/hosung/dataset/DUD-E/dude_raw/abl1/results/actives/abl1_active_000215/rank1_confidence0.43.sdf,2.8734285831451416,8.777679443359375,0,ok
abl1_active_000216,-1.06,/home/deepfold/users/hosung/dataset/DUD-E/dude_raw/abl1/results/actives/abl1_active_000216/rank1_confidence-1.06.sdf,0.6807044744491577,9.800309181213379,1,ok
abl1_active_000217,-1.31,/home/deepfold/users/hosung/dataset/DUD-E/dude_raw/abl1/results/actives/abl1_active_000217/rank1_confidence-1.31.sdf,1.1972253322601318,9.899087905883789,0,ok
abl1_active_000218,-1.19,/home/deepfold/users/hosung/dataset/DUD-E/dude_raw/abl1/results/actives/abl1_active_000218/rank1_confidence-1.19.sdf,0.6845280528068542,10.860950469970703,2,ok
abl1_active_000219,-2.5,/home/deepfold/users/hosung/dataset/DUD-E/dude_raw/abl1/results/actives/abl1_active_000219/rank1_confidence-2.50.sdf,0.4450109302997589,11.923988342285156,1,ok
abl1_active_000220,-2.49,/home/deepfold/users/hosung/dataset/DUD-E/dude_raw/abl1/results/actives/abl1_active_000220/rank1_confidence-2.49.sdf,0.6682479977607727,10.860941886901855,2,ok
abl1_active_000221,-0.21,/home/deepfold/users/hosung/dataset/DUD-E/dude_raw/abl1/results/actives/abl1_active_000221/rank1_confidence-0.21.sdf,2.5606729984283447,10.967485427856445,0,ok
abl1_active_000222,-0.92,/home/deepfold/users/hosung/dataset/DUD-E/dude_raw/abl1/results/actives/abl1_active_000222/rank1_confidence-0.92.sdf,2.4127559661865234,11.042704582214355,0,ok
abl1_active_000223,-1.23,/home/deepfold/users/hosung/dataset/DUD-E/dude_raw/abl1/results/actives/abl1_active_000223/rank1_confidence-1.23.sdf,1.6206237077713013,6.138800144195557,0,ok
abl1_active_000224,-1.13,/home/deepfold/users/hosung/dataset/DUD-E/dude_raw/abl1/results/actives/abl1_active_000224/rank1_confidence-1.13.sdf,1.6415654420852661,5.9354352951049805,0,ok
abl1_active_000225,-0.47,/home/deepfold/users/hosung/dataset/DUD-E/dude_raw/abl1/results/actives/abl1_active_000225/rank1_confidence-0.47.sdf,2.1447558403015137,11.8276948928833,0,ok
abl1_active_000226,-0.43,/home/deepfold/users/hosung/dataset/DUD-E/dude_raw/abl1/results/actives/abl1_active_000226/rank1_confidence-0.43.sdf,2.112123489379883,11.513969421386719,0,ok
abl1_active_000227,-2.81,/home/deepfold/users/hosung/dataset/DUD-E/dude_raw/abl1/results/actives/abl1_active_000227/rank1_confidence-2.81.sdf,0.3988591432571411,9.08375072479248,3,ok
abl1_active_000228,-0.41,/home/deepfold/users/hosung/dataset/DUD-E/dude_raw/abl1/results/actives/abl1_active_000228/rank1_confidence-0.41.sdf,2.0753121376037598,11.263607025146484,0,ok
abl1_active_000229,-0.19,/home/deepfold/users/hosung/dataset/DUD-E/dude_raw/abl1/results/actives/abl1_active_000229/rank1_confidence-0.19.sdf,2.5188558101654053,11.121363639831543,0,ok
abl1_active_000230,-0.02,/home/deepfold/users/hosung/dataset/DUD-E/dude_raw/abl1/results/actives/abl1_active_000230/rank1_confidence-0.02.sdf,2.321646213531494,10.128761291503906,0,ok
abl1_active_000231,-2.1,/home/deepfold/users/hosung/dataset/DUD-E/dude_raw/abl1/results/actives/abl1_active_000231/rank1_confidence-2.10.sdf,2.3812406063079834,14.231515884399414,0,ok
abl1_active_000232,-1.16,/home/deepfold/users/hosung/dataset/DUD-E/dude_raw/abl1/results/actives/abl1_active_000232/rank1_confidence-1.16.sdf,1.089913010597229,11.468697547912598,0,ok
abl1_active_000233,-0.76,/home/deepfold/users/hosung/dataset/DUD-E/dude_raw/abl1/results/actives/abl1_active_000233/rank1_confidence-0.76.sdf,1.5026886463165283,11.50210952758789,0,ok
abl1_active_000234,-0.62,/home/deepfold/users/hosung/dataset/DUD-E/dude_raw/abl1/results/actives/abl1_active_000234/rank1_confidence-0.62.sdf,2.3551530838012695,9.059717178344727,0,ok
abl1_active_000235,-0.95,/home/deepfold/users/hosung/dataset/DUD-E/dude_raw/abl1/results/actives/abl1_active_000235/rank1_confidence-0.95.sdf,1.8404245376586914,8.273690223693848,0,ok
abl1_active_000236,-1.76,/home/deepfold/users/hosung/dataset/DUD-E/dude_raw/abl1/results/actives/abl1_active_000236/rank1_confidence-1.76.sdf,1.1505004167556763,10.192558288574219,0,ok
abl1_active_000237,-1.64,/home/deepfold/users/hosung/dataset/DUD-E/dude_raw/abl1/results/actives/abl1_active_000237/rank1_confidence-1.64.sdf,1.1366268396377563,8.58356761932373,0,ok
abl1_active_000238,-0.88,/home/deepfold/users/hosung/dataset/DUD-E/dude_raw/abl1/results/actives/abl1_active_000238/rank1_confidence-0.88.sdf,1.7582957744598389,11.279067993164062,0,ok
abl1_active_000239,-1.49,/home/deepfold/users/hosung/dataset/DUD-E/dude_raw/abl1/results/actives/abl1_active_000239/rank1_confidence-1.49.sdf,2.022365093231201,12.160849571228027,0,ok
abl1_active_000240,0.76,/home/deepfold/users/hosung/dataset/DUD-E/dude_raw/abl1/results/actives/abl1_active_000240/rank1_confidence0.76.sdf,2.9668972492218018,9.001124382019043,0,ok
abl1_active_000241,0.58,/home/deepfold/users/hosung/dataset/DUD-E/dude_raw/abl1/results/actives/abl1_active_000241/rank1_confidence0.58.sdf,2.863734245300293,8.83442497253418,0,ok
abl1_active_000242,-0.38,/home/deepfold/users/hosung/dataset/DUD-E/dude_raw/abl1/results/actives/abl1_active_000242/rank1_confidence-0.38.sdf,1.2008955478668213,8.924200057983398,0,ok
abl1_active_000243,-1.17,/home/deepfold/users/hosung/dataset/DUD-E/dude_raw/abl1/results/actives/abl1_active_000243/rank1_confidence-1.17.sdf,1.929212212562561,8.866634368896484,0,ok
abl1_active_000244,-0.99,/home/deepfold/users/hosung/dataset/DUD-E/dude_raw/abl1/results/actives/abl1_active_000244/rank1_confidence-0.99.sdf,1.795966386795044,12.487041473388672,0,ok
abl1_active_000245,-1.37,/home/deepfold/users/hosung/dataset/DUD-E/dude_raw/abl1/results/actives/abl1_active_000245/rank1_confidence-1.37.sdf,1.0671162605285645,11.8433837890625,0,ok
abl1_active_000246,-0.78,/home/deepfold/users/hosung/dataset/DUD-E/dude_raw/abl1/results/actives/abl1_active_000246/rank1_confidence-0.78.sdf,2.346055269241333,11.930305480957031,0,ok
abl1_active_000247,-0.22,/home/deepfold/users/hosung/dataset/DUD-E/dude_raw/abl1/results/actives/abl1_active_000247/rank1_confidence-0.22.sdf,2.310539960861206,11.855050086975098,0,ok
abl1_active_000248,0.14,/home/deepfold/users/hosung/dataset/DUD-E/dude_raw/abl1/results/actives/abl1_active_000248/rank1_confidence0.14.sdf,2.3586385250091553,11.688485145568848,0,ok
abl1_active_000249,0.12,/home/deepfold/users/hosung/dataset/DUD-E/dude_raw/abl1/results/actives/abl1_active_000249/rank1_confidence0.12.sdf,2.646888017654419,11.585397720336914,0,ok
abl1_active_000250,0.39,/home/deepfold/users/hosung/dataset/DUD-E/dude_raw/abl1/results/actives/abl1_active_000250/rank1_confidence0.39.sdf,2.3217058181762695,10.35277271270752,0,ok
abl1_active_000251,0.01,/home/deepfold/users/hosung/dataset/DUD-E/dude_raw/abl1/results/actives/abl1_active_000251/rank1_confidence0.01.sdf,2.384082794189453,14.704421043395996,0,ok
abl1_active_000252,0.05,/home/deepfold/users/hosung/dataset/DUD-E/dude_raw/abl1/results/actives/abl1_active_000252/rank1_confidence0.05.sdf,2.305830478668213,14.778207778930664,0,ok
abl1_active_000253,-1.98,/home/deepfold/users/hosung/dataset/DUD-E/dude_raw/abl1/results/actives/abl1_active_000253/rank1_confidence-1.98.sdf,1.6781835556030273,28.173934936523438,0,ok
abl1_active_000254,-0.84,/home/deepfold/users/hosung/dataset/DUD-E/dude_raw/abl1/results/actives/abl1_active_000254/rank1_confidence-0.84.sdf,1.6215304136276245,12.783348083496094,0,ok
abl1_active_000255,-0.83,/home/deepfold/users/hosung/dataset/DUD-E/dude_raw/abl1/results/actives/abl1_active_000255/rank1_confidence-0.83.sdf,1.7172237634658813,12.793152809143066,0,ok
abl1_active_000256,-0.56,/home/deepfold/users/hosung/dataset/DUD-E/dude_raw/abl1/results/actives/abl1_active_000256/rank1_confidence-0.56.sdf,1.895863652229309,12.81543254852295,0,ok
abl1_active_000257,-1.11,/home/deepfold/users/hosung/dataset/DUD-E/dude_raw/abl1/results/actives/abl1_active_000257/rank1_confidence-1.11.sdf,1.7183276414871216,10.077422142028809,0,ok
abl1_active_000258,0.08,/home/deepfold/users/hosung/dataset/DUD-E/dude_raw/abl1/results/actives/abl1_active_000258/rank1_confidence0.08.sdf,2.1356194019317627,9.759881019592285,0,ok
abl1_active_000259,-2.85,/home/deepfold/users/hosung/dataset/DUD-E/dude_raw/abl1/results/actives/abl1_active_000259/rank1_confidence-2.85.sdf,1.9517762660980225,21.241573333740234,0,ok
abl1_active_000260,-0.23,/home/deepfold/users/hosung/dataset/DUD-E/dude_raw/abl1/results/actives/abl1_active_000260/rank1_confidence-0.23.sdf,1.7191543579101562,11.530036926269531,0,ok
abl1_active_000261,-0.14,/home/deepfold/users/hosung/dataset/DUD-E/dude_raw/abl1/results/actives/abl1_active_000261/rank1_confidence-0.14.sdf,1.9227263927459717,11.147350311279297,0,ok
abl1_active_000262,-0.29,/home/deepfold/users/hosung/dataset/DUD-E/dude_raw/abl1/results/actives/abl1_active_000262/rank1_confidence-0.29.sdf,2.0110247135162354,9.145251274108887,0,ok
abl1_active_000263,-0.88,/home/deepfold/users/hosung/dataset/DUD-E/dude_raw/abl1/results/actives/abl1_active_000263/rank1_confidence-0.88.sdf,2.010265588760376,7.118884563446045,0,ok
abl1_active_000264,-0.12,/home/deepfold/users/hosung/dataset/DUD-E/dude_raw/abl1/results/actives/abl1_active_000264/rank1_confidence-0.12.sdf,2.5825843811035156,10.051838874816895,0,ok
abl1_active_000265,-0.07,/home/deepfold/users/hosung/dataset/DUD-E/dude_raw/abl1/results/actives/abl1_active_000265/rank1_confidence-0.07.sdf,2.8208892345428467,11.873785972595215,0,ok
abl1_active_000266,-0.89,/home/deepfold/users/hosung/dataset/DUD-E/dude_raw/abl1/results/actives/abl1_active_000266/rank1_confidence-0.89.sdf,1.781708002090454,6.58607292175293,0,ok
abl1_active_000267,-1.17,/home/deepfold/users/hosung/dataset/DUD-E/dude_raw/abl1/results/actives/abl1_active_000267/rank1_confidence-1.17.sdf,0.8365917205810547,9.836162567138672,1,ok
abl1_active_000268,-1.58,/home/deepfold/users/hosung/dataset/DUD-E/dude_raw/abl1/results/actives/abl1_active_000268/rank1_confidence-1.58.sdf,0.8963322639465332,9.88528060913086,1,ok
abl1_active_000269,-0.06,/home/deepfold/users/hosung/dataset/DUD-E/dude_raw/abl1/results/actives/abl1_active_000269/rank1_confidence-0.06.sdf,2.327335834503174,11.113131523132324,0,ok
abl1_active_000270,-1.29,/home/deepfold/users/hosung/dataset/DUD-E/dude_raw/abl1/results/actives/abl1_active_000270/rank1_confidence-1.29.sdf,1.4154480695724487,11.075374603271484,0,ok
abl1_active_000271,-1.94,/home/deepfold/users/hosung/dataset/DUD-E/dude_raw/abl1/results/actives/abl1_active_000271/rank1_confidence-1.94.sdf,2.232316017150879,19.822681427001953,0,ok
abl1_active_000272,0.37,/home/deepfold/users/hosung/dataset/DUD-E/dude_raw/abl1/results/actives/abl1_active_000272/rank1_confidence0.37.sdf,2.952263116836548,10.481593132019043,0,ok
abl1_active_000273,-0.8,/home/deepfold/users/hosung/dataset/DUD-E/dude_raw/abl1/results/actives/abl1_active_000273/rank1_confidence-0.80.sdf,2.005952835083008,11.746553421020508,0,ok
abl1_active_000274,-1.36,/home/deepfold/users/hosung/dataset/DUD-E/dude_raw/abl1/results/actives/abl1_active_000274/rank1_confidence-1.36.sdf,2.44274640083313,13.68864631652832,0,ok
abl1_active_000275,-2.44,/home/deepfold/users/hosung/dataset/DUD-E/dude_raw/abl1/results/actives/abl1_active_000275/rank1_confidence-2.44.sdf,0.7275214791297913,6.240683555603027,1,ok
abl1_active_000276,-1.93,/home/deepfold/users/hosung/dataset/DUD-E/dude_raw/abl1/results/actives/abl1_active_000276/rank1_confidence-1.93.sdf,2.4919652938842773,14.905938148498535,0,ok
abl1_active_000277,-0.7,/home/deepfold/users/hosung/dataset/DUD-E/dude_raw/abl1/results/actives/abl1_active_000277/rank1_confidence-0.70.sdf,2.100198268890381,11.23449993133545,0,ok
abl1_active_000278,-1.25,/home/deepfold/users/hosung/dataset/DUD-E/dude_raw/abl1/results/actives/abl1_active_000278/rank1_confidence-1.25.sdf,1.8030626773834229,11.202157020568848,0,ok
abl1_active_000279,-2.94,/home/deepfold/users/hosung/dataset/DUD-E/dude_raw/abl1/results/actives/abl1_active_000279/rank1_confidence-2.94.sdf,1.334730625152588,5.326375484466553,0,ok
abl1_active_000280,-0.48,/home/deepfold/users/hosung/dataset/DUD-E/dude_raw/abl1/results/actives/abl1_active_000280/rank1_confidence-0.48.sdf,1.759087085723877,11.655991554260254,0,ok
abl1_active_000281,-1.57,/home/deepfold/users/hosung/dataset/DUD-E/dude_raw/abl1/results/actives/abl1_active_000281/rank1_confidence-1.57.sdf,2.4380617141723633,19.542247772216797,0,ok
abl1_active_000282,-1.69,/home/deepfold/users/hosung/dataset/DUD-E/dude_raw/abl1/results/actives/abl1_active_000282/rank1_confidence-1.69.sdf,1.3957315683364868,6.403737545013428,0,ok
abl1_active_000283,-0.64,/home/deepfold/users/hosung/dataset/DUD-E/dude_raw/abl1/results/actives/abl1_active_000283/rank1_confidence-0.64.sdf,2.15822696685791,11.501158714294434,0,ok
abl1_active_000284,-0.04,/home/deepfold/users/hosung/dataset/DUD-E/dude_raw/abl1/results/actives/abl1_active_000284/rank1_confidence-0.04.sdf,2.245873212814331,10.068636894226074,0,ok
abl1_active_000285,-0.51,/home/deepfold/users/hosung/dataset/DUD-E/dude_raw/abl1/results/actives/abl1_active_000285/rank1_confidence-0.51.sdf,1.5702433586120605,9.574212074279785,0,ok
abl1_active_000286,0.66,/home/deepfold/users/hosung/dataset/DUD-E/dude_raw/abl1/results/actives/abl1_active_000286/rank1_confidence0.66.sdf,2.911223888397217,10.136698722839355,0,ok
abl1_active_000287,-2.39,/home/deepfold/users/hosung/dataset/DUD-E/dude_raw/abl1/results/actives/abl1_active_000287/rank1_confidence-2.39.sdf,1.7249943017959595,14.220479965209961,0,ok
abl1_active_000288,-2.16,/home/deepfold/users/hosung/dataset/DUD-E/dude_raw/abl1/results/actives/abl1_active_000288/rank1_confidence-2.16.sdf,1.5702168941497803,13.130077362060547,0,ok
abl1_active_000289,-2.25,/home/deepfold/users/hosung/dataset/DUD-E/dude_raw/abl1/results/actives/abl1_active_000289/rank1_confidence-2.25.sdf,1.9866470098495483,16.05499267578125,0,ok
abl1_active_000290,-1.26,/home/deepfold/users/hosung/dataset/DUD-E/dude_raw/abl1/results/actives/abl1_active_000290/rank1_confidence-1.26.sdf,1.7380038499832153,10.149032592773438,0,ok
abl1_active_000291,-1.48,/home/deepfold/users/hosung/dataset/DUD-E/dude_raw/abl1/results/actives/abl1_active_000291/rank1_confidence-1.48.sdf,1.571865200996399,6.6515889167785645,0,ok
abl1_active_000292,-2.23,/home/deepfold/users/hosung/dataset/DUD-E/dude_raw/abl1/results/actives/abl1_active_000292/rank1_confidence-2.23.sdf,1.3964651823043823,14.674539566040039,0,ok
abl1_active_000293,-2.89,/home/deepfold/users/hosung/dataset/DUD-E/dude_raw/abl1/results/actives/abl1_active_000293/rank1_confidence-2.89.sdf,1.0136122703552246,17.128273010253906,0,ok
abl1_active_000294,-3.69,/home/deepfold/users/hosung/dataset/DUD-E/dude_raw/abl1/results/actives/abl1_active_000294/rank1_confidence-3.69.sdf,1.4274839162826538,19.512014389038086,0,ok
abl1_active_000295,-1.16,/home/deepfold/users/hosung/dataset/DUD-E/dude_raw/abl1/results/actives/abl1_active_000295/rank1_confidence-1.16.sdf,1.3601303100585938,9.235163688659668,0,ok
